amnt,income,dti,rate,state
35000.0,115000.0,21.55,14.30,PA
7000.0,62000.0,17.09,14.99,PA
25000.0,65000.0,14.4,18.75,PA
6400.0,65000.0,7.09,10.65,PA
28000.0,112000.0,27.17,11.67,PA
35000.0,148000.0,18.45,15.59,PA
16000.0,77600.0,11.52,16.99,PA
10000.0,120000.0,4.85,6.03,PA
35000.0,86000.0,11.74,18.24,PA
8000.0,105000.0,11.88,6.03,PA
14975.0,48300.0,26.86,25.83,PA
22500.0,92000.0,21.78,8.67,PA
20000.0,48000.0,21.95,12.29,PA
30000.0,97000.0,20.81,17.86,PA
10000.0,55000.0,19.86,12.29,PA
3000.0,48000.0,30.65,16.59,PA
11200.0,76000.0,12.49,13.99,PA
12000.0,90000.0,23.29,5.79,PA
3000.0,60000.0,9.86,12.49,PA
2000.0,64000.0,28.26,16.99,PA
10000.0,120000.0,27.01,8.90,PA
24000.0,100000.0,22.8,24.08,PA
3200.0,37400.0,14.18,7.89,PA
16000.0,60000.0,27.18,12.29,PA
14000.0,39000.0,24.62,24.08,PA
31175.0,71000.0,25.98,19.47,PA
9100.0,144000.0,15.17,6.03,PA
12500.0,60000.0,7.04,12.35,PA
2400.0,54000.0,8.44,17.57,PA
25000.0,58295.0,14.68,15.99,PA
9750.0,160000.0,1.19,17.76,PA
12000.0,69000.0,9.2,17.27,PA
9000.0,95000.0,13.4,12.69,PA
8000.0,42000.0,34.43,12.29,PA
1775.0,35000.0,31.85,12.12,PA
21075.0,66000.0,9.0,20.20,PA
8400.0,47093.0,15.42,10.64,PA
19200.0,120000.0,30.09,7.26,PA
9000.0,41500.0,30.13,13.33,PA
10000.0,59000.0,14.22,16.24,PA
7175.0,40000.0,26.64,16.29,PA
25000.0,59000.0,14.42,12.49,PA
23450.0,56000.0,34.65,15.61,PA
3675.0,37000.0,24.94,15.61,PA
35000.0,200000.0,13.5,7.89,PA
15000.0,48000.0,26.63,9.99,PA
28000.0,80000.0,27.96,20.99,PA
7350.0,23500.0,8.22,15.61,PA
24000.0,80000.0,25.34,9.17,PA
24000.0,165000.0,17.11,9.17,PA
20000.0,102000.0,16.68,10.15,PA
33325.0,90000.0,22.87,19.19,PA
16000.0,50000.0,7.78,14.09,PA
6000.0,67000.0,9.89,12.29,PA
2000.0,36000.0,16.83,10.99,PA
16000.0,50000.0,10.6,7.12,PA
14350.0,63000.0,22.04,24.50,PA
7500.0,48500.0,20.56,12.86,PA
24000.0,99000.0,19.79,11.36,PA
35000.0,130000.0,23.58,12.39,PA
12000.0,64000.0,3.83,16.24,PA
25200.0,86000.0,14.9,20.30,PA
20000.0,105000.0,10.83,9.17,PA
28000.0,277000.0,15.46,5.32,PA
10000.0,65939.0,27.38,7.62,PA
20000.0,65000.0,25.98,14.99,PA
10000.0,62000.0,10.96,13.35,PA
20000.0,53170.0,20.62,6.03,PA
25000.0,162000.0,9.52,15.99,PA
5000.0,65000.0,13.07,7.89,PA
16000.0,44000.0,17.95,17.57,PA
28100.0,63000.0,29.16,19.52,PA
10000.0,87553.62,23.9,20.49,PA
30000.0,90000.0,9.59,25.78,PA
3200.0,60000.0,13.41,11.53,PA
18000.0,45000.0,23.04,8.18,PA
4800.0,28000.0,26.45,11.99,PA
20400.0,45000.0,25.29,13.33,PA
21600.0,65000.0,21.69,13.33,PA
30000.0,105000.0,14.0,13.33,PA
7000.0,26000.0,31.39,15.59,PA
24000.0,100300.0,20.96,11.53,PA
13375.0,71000.0,19.08,17.14,PA
10000.0,95000.0,29.07,17.57,PA
12000.0,65000.0,6.28,14.99,PA
13175.0,30000.0,24.56,14.99,PA
25000.0,89691.0,24.54,7.62,PA
12000.0,65000.0,29.42,8.39,PA
13925.0,35000.0,24.31,18.54,PA
6000.0,40000.0,6.78,12.69,PA
28000.0,75500.0,19.8,7.90,PA
12000.0,41000.0,26.01,14.64,PA
12000.0,32000.0,30.65,9.17,PA
25000.0,175000.0,8.99,12.99,PA
9000.0,65000.0,13.64,15.80,PA
12000.0,113000.0,21.76,15.31,PA
16000.0,75000.0,26.13,14.64,PA
14000.0,62000.0,19.38,13.99,PA
20000.0,60000.0,31.22,6.89,PA
23000.0,50000.0,32.86,17.86,PA
16800.0,44420.0,10.92,14.49,PA
18000.0,150000.0,25.66,18.25,PA
5000.0,61400.0,21.71,14.27,PA
4800.0,60000.0,17.82,14.59,PA
30000.0,95000.0,20.21,15.61,PA
20000.0,60000.0,7.88,14.99,PA
20000.0,92000.0,21.77,9.17,PA
14000.0,85000.0,6.21,11.14,PA
10625.0,32000.0,27.68,12.12,PA
15000.0,52000.0,10.55,11.53,PA
6000.0,32000.0,35.52,12.69,PA
18000.0,70000.0,22.08,18.49,PA
19200.0,63000.0,27.61,6.49,PA
16000.0,103000.0,24.55,12.49,PA
10000.0,30000.0,20.68,12.59,PA
16000.0,48000.0,17.88,13.99,PA
5250.0,42000.0,23.11,15.99,PA
6025.0,27500.0,19.21,14.31,PA
21000.0,130000.0,20.1,18.49,PA
4000.0,14400.0,0.0,16.70,PA
5000.0,28800.0,20.29,6.91,PA
21000.0,92000.0,17.22,13.33,PA
20000.0,140000.0,13.85,11.53,PA
13775.0,72000.0,24.47,22.99,PA
18000.0,80000.0,11.41,12.69,PA
21000.0,325000.0,11.39,6.62,PA
3000.0,27000.0,10.98,8.39,PA
5000.0,32400.0,14.26,11.53,PA
4100.0,10409.0,11.42,18.84,PA
20000.0,107500.0,25.14,11.22,PA
7000.0,25000.0,22.52,10.99,PA
20000.0,88000.0,25.05,16.55,PA
6000.0,61000.0,12.96,15.23,PA
10500.0,40000.0,23.85,9.25,PA
9600.0,72000.0,10.02,14.33,PA
20000.0,64328.0,24.89,12.29,PA
10000.0,35000.0,21.26,10.99,PA
13425.0,56000.0,22.8,17.57,PA
35000.0,122000.0,28.53,16.55,PA
6650.0,47000.0,20.45,12.12,PA
16000.0,135000.0,20.36,7.90,PA
1000.0,18000.0,10.33,17.56,PA
25000.0,70000.0,11.83,17.77,PA
5000.0,44000.0,22.53,15.31,PA
15000.0,72000.0,21.12,6.03,PA
13250.0,39000.0,33.8,24.99,PA
12000.0,40000.0,27.23,18.99,PA
25000.0,50000.0,38.33,19.19,PA
15000.0,80000.0,13.38,12.29,PA
12000.0,135000.0,15.49,10.99,PA
20000.0,72509.0,28.63,6.49,PA
5000.0,75000.0,16.11,12.69,PA
14000.0,108436.0,13.2,10.99,PA
18000.0,52000.0,18.26,12.05,PA
29000.0,140000.0,5.09,11.14,PA
21000.0,86000.0,19.7,13.67,PA
15450.0,48000.0,18.43,12.39,PA
7800.0,42000.0,28.83,14.31,PA
5250.0,52000.0,14.84,17.27,PA
18000.0,60000.0,6.98,13.66,PA
10000.0,65000.0,11.91,14.31,PA
5000.0,45000.0,28.8,7.51,PA
4500.0,50000.0,19.78,14.61,PA
17000.0,72000.0,18.5,13.11,PA
12000.0,40000.0,18.06,13.99,PA
3000.0,75000.0,8.26,7.69,PA
7200.0,40000.0,11.46,10.99,PA
15000.0,30000.0,28.2,18.55,PA
15000.0,90000.0,11.41,10.99,PA
21000.0,71000.0,25.86,15.10,PA
6000.0,27000.0,20.71,12.73,PA
13500.0,53000.0,7.39,6.24,PA
3000.0,35000.0,22.94,14.09,PA
12800.0,132000.0,6.07,12.39,PA
12000.0,100000.0,16.62,10.49,PA
28000.0,80000.0,26.67,15.61,PA
4125.0,68000.0,20.1,14.09,PA
9075.0,25459.2,26.45,17.57,PA
19000.0,51000.0,16.42,16.99,PA
18000.0,95000.0,14.24,21.00,PA
16000.0,38480.0,20.77,14.49,PA
10000.0,60000.0,21.14,17.76,PA
35000.0,115000.0,18.63,20.49,PA
35000.0,70500.0,10.57,12.29,PA
10000.0,96000.0,8.68,17.77,PA
15000.0,61261.0,22.68,8.39,PA
16000.0,81600.0,14.74,13.99,PA
24875.0,49774.69,29.95,11.49,PA
6000.0,50000.0,27.32,6.49,PA
15000.0,43000.0,38.82,12.69,PA
4200.0,40000.0,34.65,9.99,PA
7975.0,45000.0,5.36,14.33,PA
10000.0,45000.0,26.41,18.55,PA
7500.0,30000.0,12.08,14.65,PA
21675.0,56000.0,38.28,25.57,PA
10000.0,82500.0,21.92,9.17,PA
3800.0,33000.0,23.89,10.15,PA
5000.0,60280.0,7.07,12.49,PA
12000.0,43000.0,23.47,6.49,PA
24525.0,55300.0,13.76,17.57,PA
5600.0,47000.0,24.13,10.99,PA
24000.0,69360.0,30.36,14.99,PA
24125.0,100000.0,7.61,19.52,PA
19250.0,45887.0,31.88,18.75,PA
16000.0,57000.0,20.21,16.99,PA
20000.0,85000.0,15.78,14.98,PA
25000.0,190000.0,0.13,9.25,PA
6400.0,82500.0,2.87,8.18,PA
11500.0,38000.0,16.08,15.59,PA
15000.0,41000.0,38.34,16.99,PA
16000.0,78000.0,26.17,17.10,PA
7800.0,31000.0,17.54,7.90,PA
19200.0,140000.0,18.43,6.03,PA
6000.0,54000.0,25.18,13.35,PA
9600.0,35360.0,21.69,5.99,PA
10000.0,25000.0,14.67,16.99,PA
8000.0,48000.0,8.05,17.27,PA
5000.0,26000.0,2.31,7.91,PA
28000.0,90000.0,23.99,21.99,PA
19200.0,80000.0,20.13,11.99,PA
1450.0,72515.0,9.05,13.68,PA
18275.0,65000.0,32.68,15.31,PA
10000.0,38280.0,20.19,6.49,PA
10000.0,35000.0,28.02,14.65,PA
5050.0,28061.0,21.73,8.90,PA
7500.0,54000.0,23.58,13.33,PA
11400.0,50000.0,14.74,13.33,PA
10400.0,50000.0,31.93,16.55,PA
3500.0,34500.0,32.07,10.99,PA
14000.0,70000.0,15.74,12.99,PA
13050.0,48000.0,15.0,25.57,PA
12850.0,45000.0,10.21,23.43,PA
35000.0,140000.0,9.2,12.99,PA
15000.0,65000.0,13.96,9.17,PA
12150.0,102000.0,11.46,12.49,PA
16000.0,48000.0,7.13,15.95,PA
20000.0,90000.0,19.04,10.99,PA
2050.0,48000.0,8.05,7.12,PA
18000.0,75000.0,12.85,15.61,PA
9325.0,26000.0,30.15,15.59,PA
19200.0,56000.0,17.64,12.49,PA
7000.0,62000.0,8.6,7.90,PA
11000.0,80000.0,21.63,13.98,PA
20000.0,84000.0,24.26,11.53,PA
3000.0,35000.0,6.86,11.99,PA
24000.0,108000.0,17.95,13.11,PA
9000.0,115000.0,8.37,9.99,PA
31500.0,108000.0,14.81,7.12,PA
20000.0,70000.0,23.37,7.12,PA
25600.0,60000.0,22.56,23.70,PA
35000.0,80000.0,36.26,18.49,PA
31575.0,82000.0,25.7,11.53,PA
4800.0,15000.0,11.84,15.41,PA
16500.0,55000.0,2.79,7.26,PA
5000.0,50000.0,19.68,7.89,PA
27575.0,60000.0,19.3,14.64,PA
17125.0,64000.0,33.36,18.92,PA
8200.0,30000.0,16.52,15.31,PA
35000.0,94500.0,21.74,14.47,PA
12000.0,73000.0,26.07,10.99,PA
5450.0,53000.0,17.43,12.12,PA
6000.0,17300.0,3.68,12.49,PA
35000.0,85000.0,21.1,14.65,PA
12000.0,60000.0,12.46,10.99,PA
20000.0,52000.0,37.05,16.99,PA
14000.0,80000.0,19.92,13.98,PA
7000.0,32000.0,16.99,14.30,PA
2000.0,60000.0,9.4,7.49,PA
35000.0,132600.0,16.56,19.72,PA
35000.0,80000.0,22.38,19.22,PA
22000.0,82000.0,24.13,9.99,PA
26000.0,141980.0,10.57,14.16,PA
5000.0,38500.0,31.67,12.05,PA
14500.0,185000.0,12.14,15.80,PA
12000.0,45000.0,11.49,13.99,PA
29000.0,65000.0,7.22,12.42,PA
20000.0,40000.0,38.01,13.33,PA
32400.0,150000.0,18.13,13.35,PA
30500.0,93000.0,17.61,17.86,PA
20000.0,78000.0,24.52,9.99,PA
16000.0,78500.0,24.6,12.29,PA
8875.0,36000.0,25.6,20.80,PA
35000.0,150000.0,31.76,12.69,PA
16900.0,140000.0,8.16,16.29,PA
25000.0,66000.0,30.6,20.20,PA
11200.0,58000.0,22.26,14.99,PA
10000.0,68980.0,14.79,18.25,PA
20000.0,60000.0,18.36,17.57,PA
22200.0,53000.0,34.4,16.99,PA
20000.0,70000.0,14.49,9.17,PA
18000.0,80000.0,17.44,14.33,PA
12000.0,55000.0,11.3,9.17,PA
6050.0,40000.0,15.99,14.98,PA
14150.0,46000.0,17.53,22.95,PA
15000.0,63260.0,10.38,13.33,PA
19000.0,103000.0,15.29,13.99,PA
10500.0,73000.0,15.43,17.57,PA
23500.0,60000.0,28.65,17.76,PA
7500.0,30000.0,32.56,8.18,PA
16000.0,85000.0,11.73,18.55,PA
12000.0,60000.0,26.3,12.29,PA
20000.0,88000.0,3.65,8.18,PA
24000.0,113000.0,12.49,7.89,PA
6000.0,96000.0,25.88,7.89,PA
35000.0,76000.0,18.66,20.49,PA
10000.0,65000.0,11.17,16.55,PA
21000.0,108500.0,15.12,13.33,PA
5600.0,60000.0,14.02,7.49,PA
22650.0,85000.0,11.07,15.61,PA
10400.0,74600.0,21.81,15.99,PA
2400.0,24000.0,25.55,15.22,PA
10000.0,59500.0,30.4,12.99,PA
5000.0,27000.0,3.2,13.99,PA
16000.0,57000.0,6.21,18.49,PA
4800.0,93000.0,4.61,12.69,PA
7200.0,38000.0,23.5,17.57,PA
12000.0,55000.0,12.07,12.29,PA
9450.0,27000.0,8.69,7.62,PA
2400.0,70000.0,12.86,12.69,PA
19600.0,50000.0,27.62,19.05,PA
8000.0,36681.36,11.69,7.89,PA
35000.0,150000.0,19.31,25.89,PA
15000.0,35000.0,16.08,12.99,PA
21150.0,93065.0,26.09,9.99,PA
18000.0,56000.0,26.55,13.99,PA
15475.0,38800.0,23.32,18.92,PA
14000.0,75000.0,23.04,8.18,PA
3350.0,24000.0,20.55,12.99,PA
14000.0,78000.0,18.55,13.35,PA
12000.0,59800.0,10.44,10.99,PA
15000.0,37050.0,13.09,6.24,PA
5000.0,30000.0,6.47,13.99,PA
10000.0,96100.0,16.45,11.55,PA
16950.0,50000.0,21.09,20.99,PA
10000.0,140000.0,17.14,8.18,PA
20000.0,60000.0,33.76,13.11,PA
18000.0,114000.0,18.07,8.90,PA
16000.0,49000.0,6.42,7.89,PA
18825.0,45000.0,21.25,18.25,PA
12500.0,70000.0,16.83,12.99,PA
12000.0,47000.0,8.68,14.65,PA
5000.0,80000.0,15.93,8.90,PA
25000.0,110000.0,21.2,20.99,PA
10000.0,72500.0,23.11,12.69,PA
25000.0,111000.0,21.03,27.88,PA
35000.0,121000.0,23.51,18.25,PA
15000.0,140000.0,13.6,5.93,PA
28000.0,97000.0,21.09,14.64,PA
7000.0,65000.0,10.5,14.33,PA
6000.0,52000.0,31.85,14.31,PA
7500.0,89000.0,11.91,17.10,PA
24000.0,132700.0,15.09,8.18,PA
30000.0,75000.0,20.58,10.65,PA
15000.0,54000.0,27.93,6.39,PA
12000.0,120000.0,15.48,9.99,PA
6000.0,101000.0,30.98,7.69,PA
19200.0,65000.0,9.66,12.29,PA
25000.0,215000.0,7.86,18.92,PA
4800.0,55000.0,12.57,12.49,PA
11975.0,47000.0,15.19,11.99,PA
4000.0,43000.0,23.0,14.33,PA
25000.0,145000.0,10.15,14.99,PA
10400.0,61000.0,20.69,15.61,PA
14550.0,74001.0,19.8,18.85,PA
9000.0,37000.0,14.85,7.14,PA
10000.0,42000.0,27.34,13.11,PA
10000.0,52000.0,25.64,13.67,PA
10000.0,40000.0,24.63,11.67,PA
16000.0,77500.0,11.63,13.33,PA
4800.0,20000.0,11.58,6.89,PA
35000.0,70000.0,36.48,13.67,PA
9100.0,83609.58,31.12,13.66,PA
12000.0,70000.0,6.19,16.99,PA
13200.0,114000.0,12.98,7.26,PA
25000.0,55000.0,29.65,10.15,PA
6000.0,70000.0,12.17,9.17,PA
28000.0,92000.0,19.4,17.57,PA
9600.0,85000.0,38.49,10.99,PA
19950.0,55000.0,19.55,13.99,PA
16475.0,55000.0,20.91,14.64,PA
5000.0,100000.0,18.7,8.19,PA
18000.0,45000.0,29.07,17.86,PA
4000.0,30000.0,16.4,14.65,PA
21000.0,75000.0,15.52,12.39,PA
28000.0,250000.0,10.04,7.89,PA
12000.0,70000.0,13.39,7.89,PA
12000.0,89000.0,9.48,14.49,PA
18000.0,42400.0,24.17,18.84,PA
12000.0,145000.0,15.97,11.67,PA
16000.0,101500.0,19.07,14.64,PA
30000.0,69000.0,35.1,12.69,PA
5200.0,60000.0,13.58,9.99,PA
12000.0,85000.0,24.82,13.33,PA
23475.0,73000.0,21.64,24.99,PA
12000.0,80000.0,21.14,13.68,PA
32000.0,180000.0,18.92,20.99,PA
10000.0,30000.0,7.72,10.15,PA
15000.0,155000.0,10.99,9.17,PA
20000.0,64000.0,22.82,12.99,PA
35000.0,120000.0,17.31,17.86,PA
4800.0,75000.0,22.35,14.65,PA
24000.0,300000.0,27.37,11.67,PA
2000.0,36000.0,37.54,15.61,PA
4450.0,28000.0,30.39,13.65,PA
21275.0,70000.0,21.14,19.99,PA
9100.0,110000.0,18.07,7.89,PA
5000.0,72000.0,5.2,14.99,PA
15000.0,58099.0,18.28,12.99,PA
22000.0,60000.0,19.36,13.11,PA
21000.0,96500.0,17.81,10.99,PA
17600.0,60000.0,33.9,13.18,PA
12000.0,79630.0,23.74,17.57,PA
34225.0,68452.0,19.35,15.31,PA
24000.0,96000.0,11.93,11.44,PA
15000.0,45000.0,16.77,11.99,PA
13700.0,30000.0,36.84,20.20,PA
35000.0,115000.0,27.39,14.98,PA
20000.0,72000.0,23.3,7.26,PA
9625.0,44636.8,34.26,17.86,PA
10000.0,54000.0,4.36,6.39,PA
10000.0,60000.0,22.82,14.99,PA
13250.0,76492.0,28.26,12.69,PA
35000.0,300000.0,1.52,21.70,PA
19200.0,50000.0,4.03,10.99,PA
5000.0,24000.0,7.05,10.99,PA
6000.0,93000.0,20.13,7.90,PA
9000.0,40000.0,22.77,7.89,PA
20000.0,79680.0,18.75,8.18,PA
15000.0,62143.0,9.27,19.99,PA
9300.0,67000.0,26.04,6.99,PA
5000.0,30000.0,9.88,15.80,PA
2000.0,68000.0,23.54,15.31,PA
18000.0,117000.0,39.5,9.99,PA
8000.0,90000.0,6.53,11.53,PA
8000.0,65000.0,14.51,13.35,PA
6000.0,71500.0,25.88,11.22,PA
12000.0,41600.0,11.91,17.27,PA
18000.0,55000.0,23.61,14.49,PA
10000.0,78000.0,20.89,6.39,PA
6000.0,60000.0,19.74,8.18,PA
11500.0,45996.0,15.91,12.53,PA
10000.0,60000.0,17.42,9.17,PA
28000.0,62000.0,26.29,11.99,PA
10000.0,60000.0,24.86,23.99,PA
16000.0,75000.0,16.05,12.29,PA
7250.0,63000.0,18.82,16.49,PA
10800.0,30000.0,26.44,7.49,PA
5000.0,24000.0,29.05,7.89,PA
35000.0,150000.0,26.41,19.52,PA
20000.0,105000.0,13.63,8.18,PA
15000.0,45000.0,14.0,11.99,PA
22400.0,90000.0,8.45,12.99,PA
4000.0,50000.0,4.22,10.99,PA
5000.0,120000.0,14.32,15.96,PA
3250.0,11111.0,22.14,18.85,PA
18000.0,92000.0,17.06,6.68,PA
11200.0,35000.0,22.81,19.99,PA
18400.0,60000.0,19.36,18.49,PA
18000.0,60000.0,20.76,9.76,PA
16750.0,39983.0,19.12,14.99,PA
8000.0,50000.0,33.22,13.33,PA
12000.0,78000.0,13.01,12.29,PA
4000.0,50000.0,17.26,12.49,PA
16000.0,66950.0,8.87,10.15,PA
28000.0,140000.0,16.11,16.29,PA
18000.0,125608.0,21.55,10.99,PA
5500.0,47000.0,16.32,6.49,PA
16000.0,42000.0,32.2,23.28,PA
20000.0,74000.0,11.69,14.33,PA
20000.0,53000.0,14.16,13.98,PA
18200.0,42000.0,25.17,16.29,PA
17000.0,52600.0,29.17,9.71,PA
25000.0,56613.0,13.72,16.99,PA
30000.0,95000.0,19.01,10.49,PA
1000.0,76000.0,13.19,11.99,PA
12000.0,45000.0,24.64,11.99,PA
6000.0,35000.0,39.37,11.53,PA
25000.0,80000.0,22.11,17.77,PA
2800.0,80000.0,37.68,11.49,PA
21000.0,67000.0,31.72,20.20,PA
4800.0,38000.0,15.29,12.05,PA
17500.0,50000.0,12.19,9.17,PA
5000.0,21000.0,23.14,15.61,PA
15500.0,40500.0,26.79,19.97,PA
10000.0,60000.0,19.34,7.90,PA
12375.0,95100.0,13.58,13.11,PA
3500.0,36845.0,24.66,19.72,PA
6500.0,36000.0,24.93,9.17,PA
7000.0,108000.0,19.61,19.72,PA
10000.0,40000.0,15.72,15.61,PA
24000.0,60000.0,14.59,12.69,PA
15000.0,35000.0,16.12,12.29,PA
6600.0,35000.0,23.83,18.24,PA
18000.0,45094.0,21.93,9.17,PA
30000.0,150000.0,8.81,15.61,PA
21000.0,94500.0,22.53,12.39,PA
14000.0,150000.0,8.8,10.99,PA
4000.0,59363.0,13.97,10.99,PA
24000.0,108240.0,26.82,12.12,PA
33000.0,98000.0,22.57,21.49,PA
7000.0,48000.0,21.45,12.99,PA
3600.0,20000.0,2.7,18.85,PA
8000.0,27000.0,20.36,11.44,PA
7200.0,30000.0,33.52,18.49,PA
4200.0,69000.0,11.08,6.62,PA
24975.0,50000.0,37.09,19.24,PA
6000.0,32000.0,17.78,12.29,PA
25000.0,63000.0,19.66,18.49,PA
16000.0,72000.0,21.12,10.99,PA
26000.0,99000.0,11.72,8.90,PA
3975.0,60000.0,33.64,12.69,PA
5000.0,86000.0,13.94,9.99,PA
24000.0,85000.0,32.25,14.49,PA
1600.0,40000.0,30.89,9.76,PA
6000.0,14664.0,5.81,12.87,PA
20000.0,50000.0,22.3,19.05,PA
15000.0,45000.0,30.37,12.29,PA
12000.0,70000.0,13.83,10.15,PA
18000.0,40000.0,33.27,14.99,PA
25000.0,85000.0,21.84,12.99,PA
10000.0,68000.0,9.24,9.99,PA
9000.0,49000.0,15.65,12.49,PA
10000.0,35000.0,31.96,10.99,PA
10000.0,56000.0,19.35,8.18,PA
24000.0,130000.0,12.04,6.03,PA
20000.0,63000.0,23.79,17.57,PA
18000.0,54370.0,11.06,15.31,PA
18000.0,70000.0,35.27,16.99,PA
6925.0,13869.0,29.09,20.99,PA
12000.0,68000.0,16.47,10.99,PA
26375.0,59745.0,26.37,16.78,PA
19200.0,75000.0,7.42,17.76,PA
35000.0,174973.81,21.53,14.48,PA
5000.0,43000.0,12.86,13.67,PA
10000.0,96000.0,17.49,7.12,PA
3700.0,22000.0,21.88,16.99,PA
14750.0,41000.0,34.54,18.55,PA
22000.0,67000.0,27.35,9.99,PA
8000.0,115000.0,12.19,7.26,PA
33000.0,120000.0,10.03,15.61,PA
15000.0,37000.0,23.81,15.31,PA
23675.0,54000.0,20.6,17.27,PA
10000.0,42000.0,7.71,13.67,PA
10325.0,42000.0,29.34,17.77,PA
30000.0,160000.0,9.2,12.39,PA
15000.0,103000.0,12.71,10.99,PA
10000.0,90000.0,17.06,14.98,PA
35000.0,250000.0,10.24,14.49,PA
3500.0,60000.0,12.43,14.49,PA
12000.0,48000.0,15.4,17.86,PA
8325.0,20000.0,15.49,13.53,PA
15000.0,62000.0,22.1,19.29,PA
14050.0,37000.0,34.38,20.20,PA
12000.0,72000.0,14.43,14.99,PA
22400.0,95000.0,20.99,22.95,PA
6000.0,79000.0,8.42,6.03,PA
9000.0,75000.0,19.5,8.18,PA
17000.0,60000.0,15.8,15.41,PA
9000.0,30000.0,14.96,18.54,PA
17450.0,48480.0,22.63,20.99,PA
9000.0,84000.0,18.03,6.89,PA
10000.0,67000.0,13.04,14.65,PA
20000.0,56000.0,16.86,16.77,PA
12000.0,33000.0,25.67,14.99,PA
17050.0,55000.0,16.92,23.83,PA
1000.0,27000.0,19.82,18.54,PA
24000.0,140000.0,19.28,10.99,PA
20000.0,180000.0,14.25,15.61,PA
18000.0,56000.0,23.25,13.06,PA
7100.0,37000.0,16.15,17.77,PA
4100.0,50000.0,8.83,26.77,PA
18000.0,80000.0,21.15,10.99,PA
20000.0,190000.0,11.89,7.69,PA
10000.0,53000.0,19.0,9.17,PA
23325.0,52000.0,10.82,16.24,PA
10000.0,40000.0,13.2,10.15,PA
12000.0,65000.0,12.79,12.12,PA
18000.0,90000.0,32.4,19.24,PA
12600.0,35000.0,38.48,22.99,PA
14400.0,69000.0,29.81,12.29,PA
8000.0,45000.0,14.83,9.99,PA
20000.0,72500.0,23.23,6.99,PA
10000.0,60000.0,13.76,8.90,PA
16000.0,56160.0,11.94,14.49,PA
18000.0,70000.0,10.71,17.86,PA
16000.0,90000.0,5.49,6.03,PA
8400.0,36000.0,36.17,15.61,PA
12000.0,98500.0,28.32,14.98,PA
18000.0,89000.0,26.86,10.16,PA
10000.0,50000.0,22.59,14.99,PA
6000.0,49000.0,11.07,8.18,PA
20000.0,59000.0,37.49,13.66,PA
12000.0,93000.0,17.6,9.99,PA
17000.0,52000.0,17.29,6.24,PA
35000.0,177000.0,13.27,21.49,PA
15000.0,58000.0,19.3,23.70,PA
20000.0,43000.0,26.57,10.49,PA
15000.0,95000.0,17.1,9.99,PA
2500.0,38000.0,17.34,20.20,PA
2500.0,62000.0,27.27,17.86,PA
10625.0,31000.0,31.86,17.27,PA
20000.0,62500.0,20.93,9.17,PA
18000.0,85000.0,13.24,12.29,PA
10000.0,40000.0,24.81,13.48,PA
7000.0,52000.0,21.24,8.67,PA
24375.0,138000.0,13.64,13.99,PA
15000.0,50000.0,18.94,11.53,PA
12800.0,40000.0,28.31,14.33,PA
20950.0,47000.0,15.96,17.27,PA
10500.0,36000.0,34.03,13.35,PA
10000.0,50000.0,11.19,11.53,PA
5000.0,90000.0,15.45,9.99,PA
7500.0,60000.0,14.38,12.12,PA
6000.0,50000.0,10.44,9.99,PA
13750.0,50467.0,20.95,15.31,PA
24000.0,70000.0,30.05,18.25,PA
12000.0,94423.0,26.8,12.12,PA
5400.0,30000.0,22.36,13.99,PA
25250.0,83500.0,17.03,14.49,PA
1200.0,38000.0,33.23,16.49,PA
16000.0,100000.0,3.83,6.54,PA
20000.0,103000.0,30.16,14.16,PA
5000.0,36000.0,10.43,12.98,PA
11000.0,72800.0,12.0,8.19,PA
30000.0,60000.0,10.86,9.91,PA
9600.0,80000.0,16.13,18.49,PA
4000.0,38000.0,18.38,10.49,PA
1000.0,34000.0,17.72,23.63,PA
17000.0,65000.0,31.46,14.65,PA
10500.0,84000.0,14.09,5.32,PA
8000.0,48000.0,5.33,10.99,PA
12000.0,70345.0,15.88,6.24,PA
4000.0,30000.0,10.16,13.33,PA
9100.0,120000.0,23.92,12.49,PA
20500.0,45000.0,17.36,10.74,PA
13500.0,65000.0,10.03,10.49,PA
10000.0,54000.0,18.18,14.65,PA
35000.0,90000.0,12.69,14.99,PA
8625.0,40000.0,25.38,17.14,PA
15000.0,60000.0,13.0,13.33,PA
32875.0,75000.0,10.08,17.10,PA
5000.0,78000.0,16.23,13.66,PA
10800.0,110000.0,7.14,8.19,PA
4000.0,40000.0,6.24,12.39,PA
10000.0,47000.0,26.94,8.19,PA
4800.0,35000.0,32.03,14.65,PA
8000.0,30000.0,25.72,6.62,PA
17075.0,46651.94,30.2,14.65,PA
6000.0,35404.0,25.22,12.12,PA
9000.0,85000.0,12.48,8.18,PA
7500.0,35000.0,2.91,9.99,PA
3600.0,38000.0,17.94,21.00,PA
30000.0,95000.0,29.59,18.25,PA
35000.0,125400.0,9.85,9.99,PA
3300.0,30000.0,28.92,9.99,PA
13000.0,46000.0,26.22,9.99,PA
3600.0,20000.0,10.14,15.59,PA
12000.0,102000.0,17.59,18.49,PA
8000.0,30000.0,13.92,17.76,PA
12175.0,45500.0,39.07,19.19,PA
12000.0,113500.0,23.85,14.65,PA
10000.0,53000.0,12.0,13.98,PA
14000.0,185000.0,21.67,13.11,PA
7800.0,33000.0,3.6,10.99,PA
15000.0,41000.0,33.15,14.49,PA
8800.0,68000.0,20.81,7.62,PA
22000.0,84000.0,13.26,11.71,PA
15000.0,60000.0,19.0,12.29,PA
3500.0,34000.0,18.07,12.69,PA
7200.0,43000.0,37.26,12.29,PA
12000.0,35370.0,33.42,17.86,PA
6000.0,96000.0,17.61,16.24,PA
10000.0,54000.0,17.84,7.49,PA
9600.0,51000.0,15.04,13.49,PA
20000.0,47000.0,21.6,6.89,PA
2500.0,85000.0,11.0,14.31,PA
3500.0,31000.0,7.67,10.99,PA
15600.0,111180.0,7.99,6.49,PA
13000.0,28800.0,10.96,14.46,PA
30000.0,70000.0,25.94,9.99,PA
12000.0,108000.0,15.17,12.05,PA
24000.0,93000.0,20.32,19.52,PA
12000.0,58000.0,22.43,12.29,PA
11275.0,45000.0,12.32,13.99,PA
11000.0,32000.0,15.94,10.99,PA
21000.0,132000.0,16.94,11.48,PA
7450.0,42084.0,4.68,17.57,PA
16425.0,53700.0,38.3,25.83,PA
35000.0,108000.0,27.02,13.98,PA
11200.0,60000.0,20.5,16.99,PA
10000.0,46350.0,17.28,9.67,PA
5500.0,22500.0,32.0,14.64,PA
25000.0,97000.0,10.73,24.83,PA
8075.0,31000.0,12.7,11.53,PA
10150.0,53800.0,30.94,16.99,PA
10000.0,49000.0,17.98,12.49,PA
8000.0,33900.0,28.39,16.29,PA
23050.0,60000.0,26.4,14.65,PA
20000.0,80000.0,27.84,14.49,PA
6000.0,45000.0,20.51,10.99,PA
15000.0,50000.0,23.36,15.61,PA
2000.0,50000.0,38.26,17.57,PA
29000.0,106000.0,25.43,15.61,PA
9600.0,65000.0,20.4,8.18,PA
7775.0,36000.0,22.13,19.52,PA
10000.0,35300.0,16.96,10.25,PA
6000.0,118000.0,10.17,7.89,PA
5000.0,60000.0,15.98,6.03,PA
15000.0,65000.0,8.94,7.89,PA
4500.0,50000.0,13.47,7.89,PA
20000.0,150000.0,11.59,7.12,PA
35000.0,104000.0,20.53,19.03,PA
15450.0,40000.0,33.81,12.99,PA
15000.0,90000.0,15.43,9.17,PA
16800.0,56000.0,7.52,23.28,PA
13000.0,125000.0,20.98,7.26,PA
25000.0,165000.0,17.59,20.53,PA
5000.0,34000.0,27.35,19.52,PA
25000.0,50775.0,39.94,14.33,PA
14400.0,55000.0,21.06,10.99,PA
27000.0,60000.0,22.96,19.52,PA
15000.0,56000.0,13.39,18.25,PA
7775.0,21600.0,7.39,16.99,PA
15000.0,37936.0,30.77,17.77,PA
20000.0,50000.0,19.11,15.99,PA
10000.0,46000.0,24.73,10.99,PA
6250.0,24000.0,25.8,8.49,PA
3600.0,79500.0,15.4,12.69,PA
4000.0,33000.0,18.4,14.99,PA
10000.0,46600.0,10.82,15.31,PA
10050.0,28000.0,24.99,19.52,PA
28200.0,64000.0,17.33,16.29,PA
19200.0,46100.0,15.39,13.67,PA
6000.0,85000.0,17.2,12.35,PA
5000.0,26000.0,28.3,11.53,PA
18450.0,44000.0,34.64,18.84,PA
9600.0,80000.0,25.44,13.66,PA
15000.0,65000.0,17.75,14.33,PA
35000.0,199000.0,29.3,19.24,PA
17675.0,61500.0,28.68,8.18,PA
25000.0,165000.0,6.98,15.23,PA
6000.0,17952.0,3.1,7.89,PA
5000.0,48000.0,31.73,13.67,PA
7200.0,33280.0,26.9,9.99,PA
15600.0,40000.0,29.01,10.15,PA
15000.0,45000.0,19.44,18.20,PA
2000.0,35580.0,18.95,12.99,PA
30000.0,100000.0,29.92,14.65,PA
8000.0,53000.0,25.8,13.35,PA
30000.0,83000.0,18.81,13.67,PA
8000.0,65000.0,30.9,17.77,PA
18000.0,85800.0,15.9,8.39,PA
30000.0,96000.0,12.13,21.49,PA
8000.0,100000.0,2.68,10.25,PA
23850.0,60000.0,29.22,19.97,PA
16000.0,51000.0,30.64,11.49,PA
11200.0,55000.0,35.13,16.99,PA
28000.0,74700.0,29.44,11.53,PA
20700.0,45000.0,23.95,11.53,PA
5000.0,50000.0,25.85,7.91,PA
28000.0,125000.0,23.13,11.44,PA
21125.0,53000.0,32.54,21.99,PA
5000.0,41500.0,7.08,7.29,PA
23000.0,80000.0,13.54,24.08,PA
22500.0,50000.0,18.0,11.99,PA
15000.0,56000.0,34.02,14.65,PA
25000.0,75000.0,21.17,11.67,PA
35000.0,92000.0,17.62,13.99,PA
3500.0,60000.0,16.92,9.32,PA
16825.0,47000.0,16.59,14.31,PA
5000.0,28000.0,25.38,22.45,PA
25000.0,300000.0,8.07,17.77,PA
15000.0,50000.0,24.44,9.99,PA
21600.0,48500.0,31.16,16.99,PA
10000.0,49000.0,6.81,18.49,PA
9175.0,40000.0,15.12,13.35,PA
4000.0,66000.0,26.89,11.49,PA
6125.0,34000.0,13.27,17.86,PA
10000.0,78000.0,18.52,6.62,PA
10000.0,63150.0,21.21,13.35,PA
16000.0,50000.0,15.53,6.49,PA
4800.0,51000.0,21.39,14.65,PA
14400.0,65000.0,19.74,16.99,PA
18000.0,81000.0,12.93,12.12,PA
28000.0,140000.0,1.41,9.99,PA
12000.0,65000.0,14.62,14.64,PA
11400.0,33999.92,20.08,13.66,PA
21000.0,83000.0,17.99,14.31,PA
12000.0,66500.0,22.69,15.31,PA
12000.0,48000.0,23.31,7.89,PA
22000.0,67200.0,30.66,15.80,PA
16000.0,120000.0,7.08,9.99,PA
10000.0,46000.0,31.25,6.99,PA
18000.0,45000.0,8.54,11.44,PA
21000.0,310000.0,16.97,7.90,PA
12500.0,65000.0,13.13,10.99,PA
3000.0,33000.0,25.2,11.55,PA
3000.0,95500.0,21.34,8.39,PA
10000.0,49560.0,13.7,7.12,PA
8200.0,25000.0,34.51,14.33,PA
8000.0,19999.0,15.85,11.44,PA
3400.0,33000.0,13.89,10.99,PA
12000.0,85000.0,25.04,10.16,PA
6500.0,46150.0,3.2,6.03,PA
11000.0,39100.0,25.25,12.49,PA
28000.0,78000.0,7.69,11.55,PA
23000.0,55000.0,17.76,17.58,PA
21000.0,120000.0,14.49,18.55,PA
10000.0,80000.0,5.18,9.17,PA
11950.0,68000.0,32.44,19.19,PA
22800.0,57050.0,16.87,24.99,PA
19750.0,55000.0,12.02,17.57,PA
10075.0,39000.0,18.58,16.29,PA
7200.0,55000.0,19.4,14.31,PA
6000.0,42000.0,15.29,13.98,PA
30000.0,80000.0,29.73,11.99,PA
6950.0,57000.0,22.02,18.55,PA
30000.0,84000.0,18.62,21.99,PA
35000.0,97500.0,18.49,12.69,PA
7500.0,42000.0,14.17,6.62,PA
20000.0,100000.0,27.11,16.99,PA
3250.0,26000.0,33.19,16.55,PA
9000.0,46000.0,23.24,11.99,PA
18000.0,60000.0,11.39,6.24,PA
14000.0,50000.0,24.17,14.65,PA
15300.0,54000.0,17.11,11.53,PA
12000.0,63500.0,24.02,16.99,PA
4200.0,44720.0,12.18,13.68,PA
28000.0,225000.0,15.25,10.99,PA
16800.0,98200.0,22.41,7.26,PA
6000.0,45000.0,12.16,10.99,PA
18000.0,53000.0,18.93,12.29,PA
7500.0,100000.0,4.72,14.99,PA
8750.0,60000.0,25.62,15.80,PA
10000.0,30000.0,19.92,9.71,PA
20000.0,77000.0,20.73,8.39,PA
12000.0,200000.0,7.93,6.03,PA
12000.0,55000.0,18.72,11.99,PA
10000.0,78525.0,20.3,11.53,PA
27000.0,56000.0,27.44,7.89,PA
24000.0,65000.0,22.28,17.57,PA
35000.0,335000.0,6.13,9.17,PA
7200.0,80000.0,7.79,10.99,PA
10000.0,38000.0,19.58,13.35,PA
8000.0,70000.0,20.4,13.35,PA
25000.0,72000.0,32.7,11.53,PA
20000.0,72000.0,22.4,19.19,PA
10000.0,65000.0,23.78,10.99,PA
9125.0,94300.0,17.66,12.29,PA
10000.0,70000.0,4.66,19.05,PA
11500.0,28200.0,20.21,11.99,PA
9600.0,85000.0,19.8,6.03,PA
12000.0,60000.0,5.7,12.69,PA
6000.0,35000.0,27.02,10.99,PA
32000.0,79000.0,25.82,7.26,PA
10000.0,35000.0,23.97,7.90,PA
20000.0,75000.0,23.09,14.99,PA
4000.0,36000.0,32.83,13.53,PA
15900.0,60000.0,17.32,10.99,PA
25000.0,72000.0,31.67,10.99,PA
15000.0,35289.0,27.28,11.53,PA
1450.0,65000.0,7.74,9.76,PA
12000.0,46000.0,21.42,11.71,PA
15000.0,60000.0,21.48,17.14,PA
12500.0,40000.0,11.94,13.49,PA
9500.0,30000.0,19.84,10.65,PA
6400.0,30000.0,22.28,16.55,PA
10800.0,59100.0,16.85,19.99,PA
15100.0,56000.0,20.51,13.33,PA
24000.0,77000.0,9.02,16.78,PA
8100.0,37000.0,27.87,15.88,PA
7000.0,53185.0,11.59,7.91,PA
10000.0,54000.0,19.91,11.53,PA
20000.0,65000.0,10.81,9.49,PA
35000.0,102000.0,7.61,13.33,PA
11500.0,68000.0,5.38,19.99,PA
15000.0,44301.0,34.35,15.61,PA
1000.0,60000.0,24.13,13.99,PA
6000.0,31000.0,6.16,12.99,PA
29375.0,65310.0,23.17,13.33,PA
10000.0,80000.0,11.57,7.12,PA
15600.0,52000.0,5.86,12.12,PA
12775.0,32080.0,14.59,17.57,PA
14850.0,53000.0,13.41,14.65,PA
4800.0,105000.0,8.01,12.99,PA
5000.0,80748.0,15.14,7.51,PA
9025.0,22740.0,28.23,14.31,PA
35000.0,125000.0,20.76,9.17,PA
18000.0,50000.0,32.74,17.86,PA
11475.0,35000.0,29.05,14.65,PA
10000.0,40000.0,25.5,7.90,PA
20000.0,90000.0,17.44,5.32,PA
14000.0,46176.0,13.7,17.77,PA
31200.0,182000.0,9.28,11.67,PA
15000.0,75000.0,20.4,16.70,PA
24000.0,143687.5,25.21,11.22,PA
15000.0,83000.0,18.16,14.65,PA
24000.0,66000.0,22.67,12.69,PA
20000.0,75289.92,14.08,13.98,PA
9000.0,121875.0,10.86,12.49,PA
15000.0,50000.0,26.98,12.29,PA
7725.0,16800.0,19.36,10.99,PA
7000.0,30000.0,26.56,8.67,PA
4950.0,43020.0,22.32,16.55,PA
16425.0,41350.0,24.5,19.99,PA
4500.0,36000.0,38.2,17.86,PA
21000.0,60000.0,23.28,13.33,PA
35000.0,95512.0,24.59,19.99,PA
15000.0,54000.0,24.84,13.33,PA
18500.0,96000.0,6.67,15.10,PA
12450.0,78600.0,8.03,19.19,PA
25000.0,80000.0,24.39,5.32,PA
21625.0,49000.0,28.11,10.64,PA
24000.0,90000.0,10.72,16.29,PA
2400.0,41000.0,30.53,13.53,PA
10000.0,80000.0,20.86,7.69,PA
24375.0,61619.0,24.05,18.55,PA
12000.0,51000.0,29.29,13.99,PA
24000.0,90000.0,8.41,13.11,PA
8000.0,60000.0,6.22,5.99,PA
5000.0,75000.0,11.66,5.32,PA
5000.0,17000.0,24.92,15.10,PA
8000.0,110000.0,13.67,12.59,PA
24000.0,80000.0,14.49,10.15,PA
20000.0,53000.0,37.85,13.33,PA
1400.0,61000.0,20.54,13.33,PA
8000.0,43500.0,20.11,13.33,PA
9000.0,68000.0,7.22,11.67,PA
13400.0,36000.0,34.57,17.57,PA
10000.0,63000.0,13.98,12.35,PA
28775.0,60000.0,23.14,15.61,PA
16000.0,81000.0,2.86,15.88,PA
10500.0,52000.0,4.08,25.89,PA
10000.0,88000.0,22.79,9.67,PA
18000.0,50000.0,18.41,12.29,PA
30000.0,110000.0,19.59,9.99,PA
6400.0,28500.0,5.56,7.69,PA
10500.0,55000.0,35.3,13.67,PA
15000.0,40000.0,25.95,19.99,PA
23550.0,75000.0,20.82,16.55,PA
6500.0,50000.0,13.73,10.99,PA
25000.0,67000.0,21.74,14.16,PA
10050.0,53000.0,30.14,11.53,PA
12000.0,75000.0,23.78,6.62,PA
10000.0,65000.0,4.91,15.65,PA
3500.0,30000.0,13.81,12.69,PA
4000.0,61260.0,16.81,14.82,PA
30000.0,72000.0,37.78,14.33,PA
10000.0,24000.0,16.75,12.99,PA
5000.0,50000.0,6.99,20.99,PA
6500.0,24000.0,20.7,8.90,PA
14300.0,71000.0,15.79,8.39,PA
17600.0,82000.0,15.75,13.99,PA
4200.0,93000.0,14.87,13.67,PA
3475.0,29000.0,22.85,18.49,PA
17225.0,48000.0,28.85,14.99,PA
16000.0,57500.0,25.65,10.99,PA
18400.0,41865.0,12.99,19.19,PA
2000.0,57800.0,19.02,18.25,PA
8975.0,53000.0,11.09,9.71,PA
5600.0,35000.0,24.38,12.69,PA
10000.0,39000.0,29.94,13.11,PA
13000.0,35000.0,14.33,16.55,PA
14800.0,31000.0,12.28,14.65,PA
9600.0,48500.0,27.67,15.61,PA
19200.0,60000.0,31.58,9.17,PA
14000.0,50000.0,23.88,20.80,PA
28000.0,153000.0,17.81,9.17,PA
2500.0,26450.0,31.2,11.53,PA
20300.0,96000.0,15.07,6.39,PA
6000.0,85000.0,18.54,15.81,PA
20000.0,45000.0,16.94,8.18,PA
10000.0,24000.0,33.85,12.69,PA
15000.0,95000.0,23.93,11.99,PA
12000.0,84000.0,18.64,14.65,PA
8000.0,170000.0,14.42,8.18,PA
10000.0,48000.0,38.13,13.33,PA
16000.0,95000.0,10.59,8.19,PA
17000.0,48000.0,6.78,8.67,PA
8875.0,49000.0,5.04,11.14,PA
4000.0,20400.0,4.76,14.96,PA
14175.0,49850.0,18.49,20.49,PA
25450.0,57000.0,5.07,19.52,PA
12000.0,60000.0,17.04,10.15,PA
15300.0,65000.0,17.7,7.62,PA
5000.0,50004.0,24.07,13.79,PA
17000.0,75610.0,31.95,15.61,PA
10000.0,31200.0,6.46,13.99,PA
12000.0,32000.0,26.52,15.61,PA
3500.0,80000.0,6.75,10.15,PA
2000.0,53000.0,21.96,12.69,PA
22000.0,100026.0,11.29,20.99,PA
16000.0,44000.0,14.65,15.61,PA
6000.0,40800.0,21.41,12.29,PA
17625.0,40000.0,19.08,14.33,PA
16200.0,53040.0,26.52,20.49,PA
3500.0,52000.0,2.17,12.69,PA
24000.0,62000.0,28.8,12.99,PA
3475.0,43000.0,31.26,15.59,PA
24000.0,100000.0,24.74,8.18,PA
16200.0,65000.0,12.68,16.49,PA
4000.0,52000.0,2.47,9.88,PA
28000.0,120000.0,10.71,7.26,PA
15000.0,58000.0,20.94,12.69,PA
10000.0,30000.0,16.25,11.53,PA
16000.0,67600.0,3.41,13.18,PA
12000.0,42000.0,15.31,11.99,PA
9500.0,37000.0,18.03,8.90,PA
10000.0,110000.0,17.94,6.97,PA
18000.0,47000.0,17.65,13.18,PA
8000.0,30000.0,8.76,11.99,PA
5500.0,75000.0,22.91,12.69,PA
7200.0,48000.0,28.53,11.53,PA
12675.0,36000.0,23.83,13.68,PA
25000.0,84000.0,17.24,8.18,PA
32000.0,130000.0,12.58,9.67,PA
9925.0,38500.0,17.92,20.20,PA
8000.0,60000.0,14.26,5.32,PA
15000.0,170000.0,7.24,7.91,PA
16000.0,42202.0,22.61,14.49,PA
15000.0,58000.0,27.38,7.91,PA
31675.0,72000.0,23.92,18.25,PA
10000.0,65000.0,11.39,15.61,PA
16000.0,62000.0,13.65,9.49,PA
18000.0,81000.0,15.33,11.55,PA
17000.0,64000.0,22.18,15.10,PA
29550.0,78000.0,25.34,22.45,PA
20000.0,60000.0,25.3,13.18,PA
19000.0,45000.0,20.67,14.09,PA
9000.0,45000.0,24.56,12.69,PA
12950.0,96000.0,20.86,16.29,PA
28000.0,150000.0,22.16,19.99,PA
18825.0,48000.0,31.08,16.29,PA
2500.0,28500.0,29.68,11.99,PA
26400.0,60000.0,8.06,9.99,PA
11575.0,34000.0,23.82,15.61,PA
30000.0,85000.0,19.74,12.29,PA
2400.0,60000.0,21.1,12.29,PA
30000.0,63000.0,21.83,12.69,PA
4025.0,40000.0,8.97,11.53,PA
26850.0,68000.0,35.21,18.24,PA
5400.0,45000.0,21.36,8.19,PA
12000.0,42000.0,32.2,14.33,PA
1200.0,42000.0,5.58,11.67,PA
12000.0,74000.0,21.93,9.99,PA
6000.0,49520.0,16.8,10.49,PA
8000.0,29000.0,33.03,12.69,PA
35000.0,90000.0,26.28,15.61,PA
8400.0,70000.0,19.29,6.39,PA
4800.0,75000.0,14.38,13.65,PA
10475.0,25000.0,26.07,16.99,PA
10000.0,49800.0,11.28,9.49,PA
24000.0,63000.0,22.42,13.65,PA
18000.0,85000.0,14.46,7.89,PA
16000.0,75000.0,5.38,13.67,PA
4700.0,58000.0,20.92,6.89,PA
25000.0,56000.0,30.24,9.99,PA
15400.0,35000.0,17.32,17.86,PA
10800.0,102517.04,13.06,6.49,PA
5600.0,37000.0,30.84,13.67,PA
31000.0,62000.0,5.09,9.17,PA
6500.0,55000.0,12.81,8.39,PA
5500.0,52000.0,35.17,11.99,PA
35000.0,115000.0,12.93,15.41,PA
6000.0,60000.0,20.74,9.99,PA
27000.0,210000.0,5.01,11.22,PA
11500.0,35000.0,27.33,11.99,PA
11200.0,104000.0,11.35,13.98,PA
5000.0,19000.0,20.97,13.33,PA
5000.0,34000.0,21.81,9.17,PA
10500.0,50000.0,10.92,13.98,PA
6425.0,30000.0,32.12,22.15,PA
35000.0,125000.0,35.44,19.19,PA
11400.0,65000.0,16.42,11.67,PA
7000.0,60000.0,15.02,11.11,PA
22000.0,104000.0,14.69,10.99,PA
5000.0,39000.0,17.29,12.98,PA
7000.0,130000.0,1.98,10.15,PA
10000.0,40000.0,24.87,9.17,PA
5000.0,40000.0,27.69,11.44,PA
18000.0,83200.0,28.57,15.61,PA
15000.0,85000.0,30.4,23.10,PA
7500.0,50000.0,4.15,12.49,PA
16000.0,70000.0,30.79,15.61,PA
19175.0,48000.0,18.53,12.69,PA
24000.0,196000.0,13.53,5.32,PA
5000.0,52000.0,13.41,12.29,PA
4875.0,40000.0,17.73,12.59,PA
17000.0,92000.0,21.38,11.99,PA
8000.0,65000.0,13.81,7.89,PA
10000.0,75000.0,5.47,8.18,PA
22000.0,75000.0,20.02,11.99,PA
12000.0,48000.0,10.15,18.99,PA
8800.0,98000.0,14.08,13.53,PA
12000.0,70000.0,19.69,6.92,PA
9000.0,80000.0,32.6,12.49,PA
21000.0,75000.0,20.58,15.61,PA
20000.0,51000.0,18.24,13.99,PA
16000.0,98000.0,22.5,12.85,PA
11425.0,37000.0,9.54,15.99,PA
25000.0,92000.0,26.34,12.59,PA
16450.0,47000.0,29.9,12.99,PA
20000.0,65000.0,17.03,7.89,PA
9875.0,60000.0,21.18,14.99,PA
30000.0,130000.0,19.38,13.33,PA
28000.0,85000.0,17.18,21.48,PA
12000.0,57672.7,20.73,18.49,PA
19075.0,82000.0,11.06,7.90,PA
11575.0,41000.0,19.26,13.98,PA
12000.0,110000.0,14.61,9.49,PA
25000.0,58000.0,11.26,11.67,PA
3000.0,60000.0,21.38,12.69,PA
16925.0,63000.0,21.43,10.64,PA
26875.0,56000.0,2.06,19.19,PA
5000.0,28800.0,16.71,17.49,PA
5000.0,53000.0,14.11,12.29,PA
35000.0,140000.0,21.52,9.76,PA
15000.0,88000.0,15.57,18.49,PA
11950.0,40000.0,20.96,16.59,PA
1000.0,43000.0,25.2,16.55,PA
5000.0,57500.0,15.52,6.03,PA
11575.0,34000.0,39.11,15.99,PA
5000.0,36000.0,19.83,11.53,PA
8250.0,51000.0,8.82,11.14,PA
8500.0,50000.0,16.75,7.90,PA
25000.0,150000.0,13.89,5.32,PA
16000.0,75000.0,25.25,8.39,PA
32500.0,110000.0,20.91,8.18,PA
12000.0,90000.0,8.91,10.99,PA
15000.0,60000.0,22.26,12.49,PA
25150.0,60000.0,15.88,17.57,PA
1000.0,44564.0,19.01,7.14,PA
13000.0,67000.0,5.43,15.61,PA
19000.0,75000.0,28.69,12.69,PA
2500.0,18910.0,4.89,20.49,PA
22400.0,56000.0,34.95,20.99,PA
10375.0,22600.0,31.07,16.99,PA
12000.0,43000.0,23.39,10.99,PA
10075.0,32000.0,23.46,12.29,PA
18825.0,42000.0,15.46,14.09,PA
8800.0,65000.0,12.95,12.69,PA
24000.0,70000.0,17.06,14.16,PA
10000.0,35000.0,15.26,13.48,PA
10000.0,85000.0,12.49,7.66,PA
24800.0,90000.0,12.57,7.62,PA
14400.0,120000.0,28.26,9.99,PA
5200.0,50000.0,27.98,19.52,PA
28000.0,82000.0,19.19,10.99,PA
12275.0,65000.0,14.07,18.84,PA
10000.0,50000.0,17.83,15.99,PA
11000.0,55000.0,25.94,9.17,PA
29000.0,95000.0,15.15,7.90,PA
35000.0,228000.0,19.63,20.20,PA
3000.0,37000.0,22.43,8.90,PA
10800.0,57782.0,18.98,14.49,PA
10000.0,52000.0,6.49,10.49,PA
31500.0,150000.0,11.88,7.69,PA
6300.0,22000.0,0.0,7.90,PA
15000.0,90000.0,6.19,16.29,PA
